,0,1,2,3,4,5,6,7,8,9,10,11,12,y
0,23,60,24,72,97,37,44,42,20,80,2,27,4,0.650079430115899
1,23,16,24,49,97,36,44,42,20,21,59,27,4,0.5002103814772743
2,23,60,42,49,97,36,30,78,66,21,59,65,4,0.3919453862293123
3,23,60,42,49,97,37,30,42,20,80,2,65,4,0.3448198870675504
4,23,16,24,72,97,37,30,42,66,21,59,27,4,0.21236529124400746
5,42,16,24,49,97,36,30,78,66,80,59,65,78,0.5949164916115516
6,42,16,24,49,97,37,30,78,20,21,2,65,4,0.5806878194329113
7,23,16,24,72,97,37,30,42,66,80,59,65,4,0.5758361600471574
8,23,60,42,72,97,36,30,42,20,80,2,27,78,0.5395131165506535
9,23,16,24,72,97,37,30,42,66,21,2,27,78,0.5621055340505007
10,23,60,24,72,97,37,30,42,66,80,59,65,78,0.3753467000598099
11,23,60,24,72,97,37,30,78,20,21,2,27,4,0.26383581605568385
12,23,16,24,49,97,37,30,42,66,80,59,65,78,0.17240135665952913
13,23,60,42,72,97,37,30,78,66,21,2,27,78,0.5378128889451365
14,23,60,24,49,97,37,44,42,20,80,2,27,4,0.49774591051048495
15,42,16,42,72,97,36,30,78,66,80,2,65,78,0.4829247344943241
16,23,16,24,72,97,37,30,78,20,80,2,65,78,0.5386200680368596
17,42,16,24,72,97,37,30,42,66,21,2,65,4,0.4871667169736753
18,42,16,24,72,97,37,30,42,20,21,59,27,78,0.4816967924480524
19,23,16,24,49,97,37,30,78,20,80,2,27,4,0.5674638271720943
20,42,16,24,49,97,37,30,78,20,80,2,27,4,0.5193851700175955
21,42,16,24,49,97,37,30,78,66,21,59,65,4,0.39729509247665995
22,23,16,24,72,97,36,30,78,20,80,2,27,78,0.4112919149729956
23,42,16,24,49,97,37,30,42,66,21,59,65,78,0.42901549933859673
24,23,16,24,72,97,37,30,42,20,21,2,65,4,0.46885062877055367
25,23,60,24,72,97,36,44,42,20,80,2,65,78,0.6431325401132076
26,23,16,42,72,97,37,44,78,20,80,2,65,78,0.6235541623668297
27,23,16,42,49,97,37,30,78,20,80,2,27,78,0.7110987079238236
28,23,16,24,72,97,37,30,78,20,21,2,27,4,0.4450045079220864
29,23,16,42,49,97,37,30,78,66,80,59,27,78,0.5730367955478902
30,23,16,24,72,97,36,30,78,66,21,2,27,78,0.44224807847365977
31,42,16,24,72,97,37,30,78,66,80,2,27,78,0.5723498347344426
32,42,16,24,72,97,37,30,78,20,80,2,27,4,0.6789231892511337
33,23,16,24,49,97,37,30,42,20,21,2,65,4,0.5821991324069641
34,42,16,24,72,97,37,44,78,66,80,2,65,4,0.614477694929827
35,42,16,24,72,97,37,44,78,66,21,2,27,4,0.5157958008547077
36,42,16,24,72,97,37,44,78,20,80,2,27,4,0.48049461170412916
37,42,16,24,72,97,36,44,42,66,21,2,27,4,0.5485294745087135
38,42,16,24,72,97,37,44,78,20,80,59,27,78,0.16161607474276324
39,42,60,42,72,97,36,44,78,66,80,2,65,78,0.37276201081474514
40,42,60,24,72,97,37,30,78,66,80,2,27,78,0.4014426173004741
41,23,16,24,49,97,36,44,78,66,21,59,27,78,0.23689837290592242
42,23,60,42,49,33,36,30,78,66,80,59,65,78,0.4590700267716108
43,42,16,24,72,97,37,44,78,66,80,2,27,4,0.4676055129757898
44,23,16,24,72,97,36,44,42,66,80,2,27,78,0.4178266282157742
45,42,16,24,49,97,36,30,42,66,21,2,65,78,0.3904512470037517
46,42,16,24,72,97,37,30,42,20,21,59,27,78,0.16805633033000467
47,42,60,24,49,97,37,44,78,20,21,2,65,78,0.5005281005816498
48,42,16,24,72,97,36,44,78,66,80,2,27,78,0.6606328623503602
49,42,60,42,72,97,37,30,78,66,21,59,27,4,0.6254604783523032
50,23,16,24,49,97,37,30,78,66,80,2,27,78,0.520690395291302
51,42,16,24,72,97,37,30,78,20,21,59,27,4,0.0
52,42,16,24,49,97,37,30,78,20,21,59,65,4,0.780490317927201
53,23,16,24,49,97,37,44,78,66,21,59,27,4,0.22834571295325132
54,42,16,24,72,97,36,44,78,66,80,59,65,4,0.42011077210495557
55,42,60,24,49,97,37,44,78,66,80,59,27,78,0.6562706622723438
56,42,60,24,72,33,36,44,78,66,80,59,27,78,0.4740543554372775
57,42,60,24,49,33,37,44,78,66,80,59,27,78,0.6491434458716544
58,42,16,24,72,33,37,44,78,20,80,59,27,78,0.6865742131361547
59,42,60,24,49,33,36,30,42,20,80,2,27,78,0.676982525089066
60,42,16,42,72,97,36,44,78,20,21,59,27,4,0.8317976900893715
61,42,16,24,49,97,37,30,78,66,80,59,65,4,0.5658151214916638
62,42,16,24,49,33,37,30,78,66,80,59,27,4,0.5835730540338594
63,42,60,42,72,33,37,30,78,66,21,59,27,4,0.4025417541942242
64,42,16,24,72,97,37,30,78,20,80,59,27,78,0.5379331072234118
65,42,60,24,72,33,37,30,78,20,21,59,65,4,0.7463913102001559
66,42,60,24,72,97,37,44,78,66,80,59,27,4,0.6799965648425357
67,42,60,42,72,97,37,44,42,66,80,59,27,4,0.775552788439766
68,42,60,24,49,33,37,30,78,20,80,2,65,4,0.5498346997824202
69,42,60,24,49,33,37,30,78,20,80,59,65,4,0.36019063119078126
70,42,60,24,49,33,36,30,78,66,80,59,65,78,0.3793396591083643
71,42,60,42,49,97,37,44,78,20,80,59,65,4,0.6275814689123688
72,42,60,24,72,97,37,44,78,66,80,2,27,78,0.4313254045301263
73,42,60,42,49,97,37,44,78,66,80,2,27,78,0.49404490994356787
74,42,60,24,72,97,37,30,78,20,80,59,65,4,0.5849555618553905
75,42,60,24,72,97,36,44,78,66,80,59,27,4,0.587840797135949
76,42,60,42,72,97,37,30,78,66,80,59,65,4,0.6436391738490475
77,42,60,24,49,33,36,44,78,20,80,2,65,78,0.6090077710838143
78,42,60,42,49,97,37,44,78,66,80,2,65,78,0.41054484536021524
79,42,60,24,49,33,36,30,78,66,80,59,65,4,0.3605598728998535
80,42,60,24,72,97,37,30,78,66,80,59,65,78,0.6999871193488258
81,42,60,42,49,33,37,30,78,20,80,2,65,78,0.4478382205979479
82,42,60,42,72,97,37,44,78,66,80,59,65,4,0.676982525089066
83,42,60,42,49,97,37,44,78,66,80,59,65,4,0.6410716583524746
84,42,60,42,49,33,36,44,78,66,80,59,65,78,0.6505001930704476
85,42,60,24,49,33,37,44,78,20,80,59,65,4,0.6072646084274568
86,42,60,24,49,97,37,44,78,20,80,59,27,4,0.6332488942640917
87,42,60,24,72,33,37,44,78,66,80,59,65,4,0.5837362073629752
88,42,60,24,49,33,37,30,78,66,80,2,27,4,0.4917521791801404
89,42,60,24,72,97,37,44,78,20,80,2,65,78,0.5848439311309714
90,42,60,24,49,97,37,44,78,66,80,59,65,78,0.5939805073673071
91,42,16,24,49,97,37,44,78,20,80,59,27,78,0.664831909099261
92,42,60,24,72,97,37,30,78,20,80,59,65,4,0.9492078484479153
93,42,60,24,49,33,36,44,78,66,80,59,27,4,0.8717959728504443
94,42,60,42,49,97,37,30,78,66,80,59,27,4,0.9477824055755434
95,42,60,24,49,33,37,30,42,66,80,2,65,4,0.7504701386707814
96,42,60,42,49,97,36,44,42,66,80,59,65,4,0.7584131210374394
97,42,60,24,72,97,37,30,42,66,21,59,65,4,0.7932506115030187
98,42,60,24,72,97,37,30,42,20,80,59,27,78,0.6104074533334478
99,42,60,24,72,33,37,30,42,66,80,59,27,78,0.6122107247891379
100,42,60,24,49,33,36,30,42,66,80,59,65,78,0.8605813404252738
101,42,60,24,49,33,36,44,78,20,80,59,65,78,0.8353870592522594
102,42,60,24,72,97,37,30,78,20,80,59,65,4,0.7927010433959488
103,42,16,24,49,33,37,30,78,20,80,59,65,78,0.5685028552665119
104,42,60,24,49,97,37,30,42,20,80,2,65,4,0.9399939889841448
105,42,60,24,72,33,37,30,78,66,80,2,65,4,0.7988836886781475
106,42,60,24,49,97,37,30,78,20,80,59,65,4,0.8161607487868517
107,42,60,24,49,97,37,30,78,20,21,59,27,78,0.8219913274676905
108,23,16,24,72,33,36,44,78,20,80,59,65,4,0.5086428231516701
109,23,60,24,49,97,37,44,78,20,21,2,27,78,0.6244643853087259
110,23,16,24,49,33,37,44,78,66,80,2,65,78,0.3711648277390114
111,42,60,24,49,97,36,44,78,20,80,59,27,78,0.8325791078787464
112,42,60,24,49,97,37,44,78,66,80,59,65,4,0.8078828728877155
113,42,60,24,49,97,36,30,78,66,80,59,65,4,1.0
114,42,60,24,72,97,37,30,78,66,80,2,27,78,0.7328324244068612
115,42,60,24,72,97,36,44,78,20,80,2,27,4,0.5838821862639888
116,42,60,24,72,97,36,30,78,20,80,59,27,4,0.7540251596570747
117,42,60,24,72,97,36,44,78,66,80,59,27,4,0.8314370359341555
118,42,60,42,72,97,37,30,78,20,80,59,27,78,0.7141213345515391
119,42,16,24,72,33,36,30,78,20,80,59,65,78,0.299832552893956
120,42,16,24,49,33,36,44,78,66,21,59,27,78,0.6195182689470449
121,42,60,24,49,33,36,44,78,66,80,59,27,78,0.37696964511750203
122,42,60,24,49,97,37,44,78,20,80,59,27,78,0.33626722779448937
123,42,60,24,72,33,36,30,78,20,21,59,27,78,0.24576875196296893
124,42,60,24,72,97,37,30,78,20,80,59,27,4,0.4595852473816966
125,42,60,24,49,97,36,30,78,66,80,59,27,4,0.5490532819930454
126,42,16,24,72,97,37,44,78,20,21,59,27,78,0.7687604655715548
127,42,60,24,72,97,37,30,78,66,80,59,65,4,0.7054484563205925
128,42,60,24,49,97,36,30,78,20,80,59,65,4,0.5008114721890411
129,42,60,24,72,97,37,30,78,66,21,59,27,78,0.5990210813845251
130,42,60,24,49,33,37,44,78,20,80,2,27,78,0.5741273455673944
131,42,60,24,49,97,37,44,78,20,21,59,65,4,0.906934008671907
132,42,60,24,49,33,36,30,78,20,80,2,65,78,0.78812416806373
133,42,60,24,49,97,36,30,78,66,80,59,27,78,0.8506204113487229
134,42,60,24,72,33,36,30,78,20,80,59,27,78,0.7000729894505069
135,42,16,24,49,97,37,44,78,20,80,59,65,78,0.3172813532060222
136,42,60,42,49,33,36,44,78,20,21,59,27,78,0.6268773343504289
137,42,16,24,72,33,36,30,42,66,80,59,27,78,0.427607230214717
138,42,60,24,49,33,37,30,78,20,21,59,27,78,0.5855738269952596
139,23,60,42,72,33,36,44,78,66,80,59,65,4,0.5442960802628287
140,42,60,24,49,97,37,44,78,66,80,59,27,78,0.6751019704059411
141,42,60,24,72,33,37,44,42,66,80,59,27,78,0.57464256549787
142,42,60,24,72,33,37,44,78,20,80,2,27,4,0.7324717702516452
143,42,16,42,72,33,36,44,78,66,80,59,27,4,0.34621956931718395
144,42,60,24,72,97,37,30,78,20,80,2,27,78,0.7909922289161859
145,42,60,24,49,97,37,44,78,20,21,2,27,4,0.795345841440346
146,42,60,24,49,33,36,30,78,66,80,2,27,4,0.8214675199833587
147,42,60,24,49,97,37,44,78,66,21,59,27,4,0.6686445410702075
148,42,60,24,49,97,37,30,42,20,21,59,65,4,0.5806191230797225
149,42,60,24,72,97,36,30,42,66,21,59,65,78,0.6341505303317418
150,42,60,24,72,97,36,30,42,20,80,59,65,78,0.7341204759320755
151,42,60,24,49,97,37,30,42,66,80,59,65,78,0.69155467767443
152,42,60,24,49,33,37,30,42,20,21,2,65,4,0.7239620453498145
153,23,16,42,49,33,36,44,78,66,80,2,27,78,0.5539307026811477
154,42,60,42,49,97,37,30,42,66,80,59,27,4,0.8066119957906034
155,42,60,24,49,33,36,30,78,66,21,59,27,78,0.7567214803061688
156,42,60,42,72,33,37,30,42,20,21,2,65,78,0.8106994118150849
157,42,60,24,49,33,37,44,78,66,80,2,27,78,0.5944785542289006
158,42,16,42,49,33,36,30,78,66,80,59,27,4,0.48602464434947457
159,42,60,24,72,33,37,30,78,66,80,2,65,78,0.69155467767443
160,42,16,42,72,33,36,30,42,66,21,59,27,78,0.3236958481705256
161,23,16,24,49,97,37,44,78,20,21,2,65,78,0.4638100554329457
162,23,16,24,72,97,36,44,78,20,80,59,65,4,0.44219655654857315
163,23,16,24,72,97,37,30,78,66,21,59,27,78,0.6040960028987277
164,23,16,24,72,97,37,30,78,20,80,59,65,4,0.579674552640842
165,23,16,42,49,97,37,44,42,66,80,59,65,78,0.6110944141468955
166,23,60,24,72,97,36,44,78,20,80,59,65,78,0.502966810925701
167,42,60,24,72,97,37,30,42,66,80,2,65,78,0.5593748659044223
168,42,60,24,49,33,37,30,78,66,80,59,65,78,0.6383409902063966
169,42,16,24,49,97,37,30,78,66,80,59,65,4,0.6141513889512056
170,42,60,42,49,33,36,44,42,66,21,2,27,78,0.6757631705966505
171,42,16,24,72,97,36,30,78,66,80,2,27,78,0.5323601388476159
172,42,16,24,49,97,37,30,78,20,21,59,27,78,0.5746168048751318
173,42,60,24,49,33,37,30,78,20,80,59,27,78,0.662418960057558
174,42,60,24,72,97,37,44,78,20,80,59,65,78,0.6025846892450647
175,42,60,42,49,97,36,44,78,20,21,2,27,78,0.48889270520193046
176,42,60,42,49,33,36,44,78,20,21,59,65,4,0.3843458842693779
177,42,60,24,49,97,37,30,78,66,21,2,27,4,0.5562663691750258
178,42,60,24,49,97,36,30,78,20,21,59,27,4,0.294688935706175
179,42,60,42,49,97,37,30,78,20,21,59,65,4,0.6790691681521472
180,42,60,24,72,33,37,30,78,20,21,59,27,4,0.5056545447005489
181,42,60,24,72,33,37,30,78,66,80,59,27,78,0.29339229730671446
182,42,60,42,72,97,36,44,78,20,21,59,65,78,0.4839294144121472
183,42,60,24,72,33,37,30,78,20,21,59,65,78,0.4445236354885952
184,42,60,24,72,97,37,44,78,20,80,2,65,78,0.4428749298081647
185,42,16,24,72,97,37,44,78,66,80,59,65,78,0.41721695062976144
186,42,16,24,49,33,37,44,78,66,21,59,65,78,0.5026662655698176
187,42,60,24,49,33,37,44,78,20,80,59,27,78,0.6589412216190893
188,42,60,24,49,97,37,30,78,20,80,2,65,78,0.5475677296417308
189,42,60,24,72,33,37,30,78,20,80,2,27,4,0.4351895584261594
190,23,60,42,49,97,37,44,78,20,21,2,65,4,0.5727791852428472
191,42,60,24,72,97,37,30,78,20,80,2,65,78,0.597028895297371
192,42,60,24,49,97,37,44,78,20,80,2,27,4,0.7713279810681274
193,42,60,24,49,97,36,30,78,66,21,59,65,4,0.8278734273940057
194,42,60,24,72,97,37,44,78,20,80,2,65,78,0.6980893909172088
195,42,60,24,49,33,36,30,78,66,80,59,65,4,0.6713408610396913
196,23,16,24,72,97,37,30,42,20,80,2,65,78,0.1489845863194668
197,42,16,24,72,97,37,30,42,20,21,2,65,78,0.6602464468927961
198,42,60,24,72,33,37,30,78,20,80,2,65,4,0.6300974624838546
199,42,60,24,72,97,36,44,42,20,21,2,65,4,0.597741616733557
200,42,60,24,72,97,37,30,78,66,21,2,27,78,0.5868532909666179
201,42,60,42,49,33,37,44,78,66,21,59,27,78,0.711605340980053
202,42,60,24,49,97,37,30,78,20,80,2,27,4,0.5653514234862748
203,42,60,24,49,97,36,30,78,66,21,2,27,4,0.7578034434514267
204,42,60,24,72,97,37,30,78,20,21,2,65,78,0.535975269312852
205,42,60,42,49,97,37,30,78,20,21,2,65,78,0.6534712977730766
206,42,60,24,72,97,37,30,78,20,80,59,27,78,0.6498132322569999
207,42,60,42,49,33,37,30,78,20,21,59,27,78,0.6656648488137222
208,42,60,42,72,33,37,30,78,20,80,2,27,78,0.673453265405121
209,42,16,24,72,97,37,30,78,66,80,59,27,4,0.6693315012040449
210,42,60,24,49,97,37,30,78,20,80,2,65,78,0.7251298785967535
211,42,60,42,72,97,37,30,78,20,21,2,65,78,0.7035679016374675
212,42,60,24,49,97,37,44,78,20,80,2,27,78,0.797569876530195
213,42,60,24,72,33,36,30,78,20,80,2,65,78,0.8525782492592827
214,42,16,24,72,97,37,44,78,66,80,59,27,4,0.8451075524518696
215,42,60,24,72,33,36,30,78,20,80,59,27,4,0.8126572497256448
216,42,60,24,49,97,37,30,42,20,80,2,27,4,0.800884461639548
217,42,60,24,72,33,37,30,78,66,21,59,27,4,0.6966982955418213
218,42,60,24,72,33,36,30,78,20,21,59,27,78,0.6539865183831625
219,42,60,24,49,97,37,30,78,20,21,2,27,4,0.5225194280493405
220,42,60,24,49,33,37,30,78,20,21,2,65,4,0.5796659650869859
221,42,60,42,49,33,37,44,78,66,80,2,27,78,0.5889742815266833
222,42,16,24,49,33,36,30,78,20,21,59,65,4,0.6653127815327523
223,42,16,24,49,33,36,30,78,20,21,59,65,4,0.29805504274061434
224,42,16,24,49,33,37,30,78,66,21,59,65,78,0.25177965704180577
225,42,16,24,72,33,37,30,78,66,80,2,27,78,0.4672448581409637
226,42,16,24,72,33,37,30,78,66,21,2,27,78,0.5137177446658725
227,23,60,24,49,97,37,30,78,20,21,2,27,78,0.526881628127357
228,42,16,24,72,33,37,44,78,66,21,59,27,78,0.28157657416977716
229,23,16,24,72,33,36,30,78,66,21,59,27,4,0.4155167230242445
230,23,16,24,72,33,36,30,78,20,21,59,65,78,0.3224679061242539
231,23,16,24,49,33,36,30,78,20,21,59,27,78,0.3907775536619836
232,23,16,42,49,33,37,30,78,66,21,59,65,4,0.44495298599699984
233,23,16,24,49,33,37,44,78,66,21,59,65,4,0.3917478854032123
234,42,16,24,49,33,37,44,78,20,80,59,65,78,0.4123223561931671
235,42,16,24,72,33,37,44,78,20,21,59,65,78,0.23096475037491035
236,23,60,24,72,97,36,30,78,66,80,59,65,78,0.37654029460909716
237,23,16,24,49,33,37,30,78,66,21,59,65,78,0.21879695995700305
238,23,16,24,72,97,36,30,78,66,80,59,27,78,0.22684298617383444
239,23,16,24,49,33,37,30,78,20,80,59,27,78,0.405031986463362
240,42,60,24,49,97,37,30,78,20,21,2,65,78,0.5395646384757399
241,42,60,24,72,97,36,30,42,66,80,59,27,78,0.6946202393529861
242,42,60,24,49,97,36,30,78,20,80,59,27,4,0.6746726205771464
243,42,60,24,49,97,36,44,78,66,80,59,27,78,0.5414795413354593
244,42,60,24,49,97,36,30,78,66,80,59,65,4,0.5938431153405397
245,42,60,24,72,97,37,30,78,20,21,59,27,78,0.3675840454503696
246,42,60,24,72,97,36,44,78,20,21,59,27,78,0.37380103890916266
247,42,60,24,72,97,36,44,78,20,80,59,27,78,0.3614872695902417
248,42,60,24,49,97,37,30,42,20,80,59,65,4,0.49671546929031346
249,42,60,24,49,97,37,44,78,20,80,2,65,4,0.9925550644949352
250,42,60,24,72,97,36,44,78,20,80,59,27,4,0.8645828863480742
251,23,60,24,72,97,36,30,78,20,80,59,27,78,0.4445751574136816
252,42,60,24,72,97,36,30,78,66,80,59,65,4,0.636958481705255
253,42,60,42,49,97,36,44,78,20,80,2,65,78,0.39312180635049737
254,42,60,24,72,97,37,44,78,20,80,2,27,4,0.5156240606513457
255,42,60,42,72,97,36,44,78,66,80,59,65,78,0.6248508007662904
256,42,16,24,72,97,37,44,78,20,80,59,65,4,0.6150358505907532
257,42,60,24,49,97,36,44,78,20,80,59,65,78,0.6095831004932324
258,42,60,24,49,97,36,30,78,20,21,2,65,78,0.5302305614133043
259,42,60,24,72,97,36,44,78,66,80,59,27,78,0.5541797261119445
260,42,60,24,72,97,36,30,78,20,21,59,27,4,0.5487956723676126
261,42,60,42,49,97,36,30,78,20,21,2,27,4,0.4736250056084828
262,42,60,24,72,97,36,44,78,66,21,2,65,78,0.41385943046956813
263,42,60,24,72,97,37,30,78,66,21,2,27,4,0.4224979605239202
264,42,60,24,72,97,36,30,78,20,21,2,27,78,0.3807307544837518
265,42,60,24,49,97,37,30,78,20,80,59,65,4,0.562036838376922
266,42,60,24,72,97,36,44,78,66,21,59,65,78,0.6044566570539435
267,23,60,42,72,97,37,44,78,20,80,59,65,4,0.558713666393323
268,42,60,42,49,97,37,30,78,66,80,59,65,78,0.48798248226003427
269,42,60,24,49,97,36,30,78,66,80,2,27,78,0.7790906356775673
270,42,60,24,72,97,36,30,78,66,21,2,27,78,0.41434888977730555
271,42,60,24,72,97,36,44,78,20,21,59,65,78,0.6595852473816965
272,42,16,24,49,97,36,30,78,66,21,2,27,78,0.5654544673364479
273,23,60,24,72,97,37,30,78,66,80,59,65,78,0.7515091667651989
